,country_name,year,v2x_polyarchy,v2mecenefm,v2exl_legitideol,v2cvgovres_0,v2cvgovres_1,v2cvgovres_2,v2cvgovres_3,v2cvgovres_4,v2cvgovres_5,v2cvgovres_6,v2cvgovres_nr
1,Mexico,2019,0.671,0.109,-0.385,NA,NA,NA,NA,NA,NA,NA,NA
2,Suriname,2019,0.766,1.089,-0.033,NA,NA,NA,NA,NA,NA,NA,NA
3,Sweden,2019,0.901,3.383,-2.155,NA,NA,NA,NA,NA,NA,NA,NA
4,Switzerland,2019,0.896,3.059,-2.752,NA,NA,NA,NA,NA,NA,NA,NA
5,Ghana,2019,0.699,2.106,-1.017,NA,NA,NA,NA,NA,NA,NA,NA
6,South Africa,2019,0.714,0.927,0.026,NA,NA,NA,NA,NA,NA,NA,NA
7,Japan,2019,0.823,1.192,-0.295,NA,NA,NA,NA,NA,NA,NA,NA
8,Burma/Myanmar,2019,0.433,1.125,0.105,NA,NA,NA,NA,NA,NA,NA,NA
9,Russia,2019,0.266,-1.313,0.703,NA,NA,NA,NA,NA,NA,NA,NA
10,Albania,2019,0.494,0.049,-0.492,NA,NA,NA,NA,NA,NA,NA,NA
11,Egypt,2019,0.18,-1.372,0.29,NA,NA,NA,NA,NA,NA,NA,NA
12,Yemen,2019,0.116,-2.174,1.745,NA,NA,NA,NA,NA,NA,NA,NA
13,Colombia,2019,0.628,1.1,1.342,NA,NA,NA,NA,NA,NA,NA,NA
14,Poland,2019,0.684,0.414,0.476,NA,NA,NA,NA,NA,NA,NA,NA
15,Brazil,2019,0.693,0.44,1.174,NA,NA,NA,NA,NA,NA,NA,NA
16,United States of America,2019,0.816,1.741,1.48,NA,NA,NA,NA,NA,NA,NA,NA
17,Portugal,2019,0.887,3.21,-2.471,NA,NA,NA,NA,NA,NA,NA,NA
18,El Salvador,2019,0.644,0.343,-0.82,NA,NA,NA,NA,NA,NA,NA,NA
19,Bangladesh,2019,0.261,0.486,1.462,NA,NA,NA,NA,NA,NA,NA,NA
20,Bolivia,2019,0.561,0.11,1.205,NA,NA,NA,NA,NA,NA,NA,NA
21,Haiti,2019,0.422,0.408,-1.42,NA,NA,NA,NA,NA,NA,NA,NA
22,Honduras,2019,0.374,0.569,-0.723,NA,NA,NA,NA,NA,NA,NA,NA
23,Mali,2019,0.489,0.914,-0.715,NA,NA,NA,NA,NA,NA,NA,NA
24,Pakistan,2019,0.37,-0.177,-1.032,NA,NA,NA,NA,NA,NA,NA,NA
25,Peru,2019,0.782,2.199,-1.536,NA,NA,NA,NA,NA,NA,NA,NA
26,Senegal,2019,0.734,2.19,0.196,NA,NA,NA,NA,NA,NA,NA,NA
27,South Sudan,2019,0.178,-2.635,-0.995,NA,NA,NA,NA,NA,NA,NA,NA
28,Sudan,2019,0.216,-0.115,-0.3,NA,NA,NA,NA,NA,NA,NA,NA
29,Vietnam,2019,0.218,-1.327,1.344,NA,NA,NA,NA,NA,NA,NA,NA
30,Afghanistan,2019,0.346,0.321,-1.553,NA,NA,NA,NA,NA,NA,NA,NA
31,Argentina,2019,0.777,1.258,-1.968,NA,NA,NA,NA,NA,NA,NA,NA
32,Ethiopia,2019,0.344,1.709,0.438,NA,NA,NA,NA,NA,NA,NA,NA
33,India,2019,0.476,-0.113,1.412,NA,NA,NA,NA,NA,NA,NA,NA
34,Kenya,2019,0.459,1.417,-0.806,NA,NA,NA,NA,NA,NA,NA,NA
35,North Korea,2019,0.09,-2.672,2.833,NA,NA,NA,NA,NA,NA,NA,NA
36,South Korea,2019,0.854,2.738,-1.603,NA,NA,NA,NA,NA,NA,NA,NA
37,Kosovo,2019,0.609,2.731,-0.823,NA,NA,NA,NA,NA,NA,NA,NA
38,Lebanon,2019,0.445,0.531,0.181,NA,NA,NA,NA,NA,NA,NA,NA
39,Nigeria,2019,0.524,1.497,-0.133,NA,NA,NA,NA,NA,NA,NA,NA
40,Philippines,2019,0.465,0.449,-0.841,NA,NA,NA,NA,NA,NA,NA,NA
41,Tanzania,2019,0.414,-0.019,0.298,NA,NA,NA,NA,NA,NA,NA,NA
42,Taiwan,2019,0.829,1.558,-1.188,NA,NA,NA,NA,NA,NA,NA,NA
43,Thailand,2019,0.2,-0.484,1.391,NA,NA,NA,NA,NA,NA,NA,NA
44,Uganda,2019,0.302,0.28,0.515,NA,NA,NA,NA,NA,NA,NA,NA
45,Venezuela,2019,0.209,-1.988,3.217,NA,NA,NA,NA,NA,NA,NA,NA
46,Benin,2019,0.502,0.636,-0.827,NA,NA,NA,NA,NA,NA,NA,NA
47,Bhutan,2019,0.549,1.22,0.348,NA,NA,NA,NA,NA,NA,NA,NA
48,Burkina Faso,2019,0.709,1.726,-0.728,NA,NA,NA,NA,NA,NA,NA,NA
49,Cambodia,2019,0.199,-1.438,0.057,NA,NA,NA,NA,NA,NA,NA,NA
50,Indonesia,2019,0.614,1.272,-0.597,NA,NA,NA,NA,NA,NA,NA,NA
51,Mozambique,2019,0.397,0.362,-0.252,NA,NA,NA,NA,NA,NA,NA,NA
52,Nepal,2019,0.581,1.292,0.146,NA,NA,NA,NA,NA,NA,NA,NA
53,Nicaragua,2019,0.235,-1.564,1.319,NA,NA,NA,NA,NA,NA,NA,NA
54,Niger,2019,0.52,1.786,-0.977,NA,NA,NA,NA,NA,NA,NA,NA
55,Zambia,2019,0.342,-0.979,-0.397,NA,NA,NA,NA,NA,NA,NA,NA
56,Zimbabwe,2019,0.297,-0.326,0.823,NA,NA,NA,NA,NA,NA,NA,NA
57,Guinea,2019,0.419,1.075,-0.411,NA,NA,NA,NA,NA,NA,NA,NA
58,Ivory Coast,2019,0.536,0.104,-0.954,NA,NA,NA,NA,NA,NA,NA,NA
59,Mauritania,2019,0.403,0.971,-1.756,NA,NA,NA,NA,NA,NA,NA,NA
60,Canada,2019,0.853,3.107,-1.508,NA,NA,NA,NA,NA,NA,NA,NA
61,Australia,2019,0.836,2.552,-0.403,NA,NA,NA,NA,NA,NA,NA,NA
62,Botswana,2019,0.669,1.786,-1.218,NA,NA,NA,NA,NA,NA,NA,NA
63,Burundi,2019,0.159,-2.209,-1.359,NA,NA,NA,NA,NA,NA,NA,NA
64,Cape Verde,2019,0.768,0.925,-1.965,NA,NA,NA,NA,NA,NA,NA,NA
65,Central African Republic,2019,0.384,0.637,0.672,NA,NA,NA,NA,NA,NA,NA,NA
66,Chile,2019,0.813,1.33,-0.948,NA,NA,NA,NA,NA,NA,NA,NA
67,Costa Rica,2019,0.899,2.313,-1.05,NA,NA,NA,NA,NA,NA,NA,NA
68,Timor-Leste,2019,0.677,1.276,0.13,NA,NA,NA,NA,NA,NA,NA,NA
69,Ecuador,2019,0.649,1.114,-1.702,NA,NA,NA,NA,NA,NA,NA,NA
70,France,2019,0.877,2.557,-1.319,NA,NA,NA,NA,NA,NA,NA,NA
71,Germany,2019,0.883,2.78,-2.612,NA,NA,NA,NA,NA,NA,NA,NA
72,Guatemala,2019,0.586,0.666,-0.3,NA,NA,NA,NA,NA,NA,NA,NA
73,Iran,2019,0.208,-1.304,2.572,NA,NA,NA,NA,NA,NA,NA,NA
74,Iraq,2019,0.381,0.214,0.93,NA,NA,NA,NA,NA,NA,NA,NA
75,Ireland,2019,0.878,2.199,-1.749,NA,NA,NA,NA,NA,NA,NA,NA
76,Italy,2019,0.86,2.783,-1.338,NA,NA,NA,NA,NA,NA,NA,NA
77,Jordan,2019,0.27,-0.808,-0.332,NA,NA,NA,NA,NA,NA,NA,NA
78,Latvia,2019,0.828,2.677,-1.155,NA,NA,NA,NA,NA,NA,NA,NA
79,Lesotho,2019,0.63,1.336,-1.006,NA,NA,NA,NA,NA,NA,NA,NA
80,Liberia,2019,0.609,0.578,-0.366,NA,NA,NA,NA,NA,NA,NA,NA
81,Malawi,2019,0.476,0.719,-1.946,NA,NA,NA,NA,NA,NA,NA,NA
82,Maldives,2019,0.501,1.074,0.965,NA,NA,NA,NA,NA,NA,NA,NA
83,Mongolia,2019,0.645,1.983,-1.146,NA,NA,NA,NA,NA,NA,NA,NA
84,Morocco,2019,0.288,-0.205,0.078,NA,NA,NA,NA,NA,NA,NA,NA
85,Netherlands,2019,0.876,2.714,-2.07,NA,NA,NA,NA,NA,NA,NA,NA
86,Panama,2019,0.764,1.003,-2.342,NA,NA,NA,NA,NA,NA,NA,NA
87,Papua New Guinea,2019,0.416,0.918,-1.505,NA,NA,NA,NA,NA,NA,NA,NA
88,Qatar,2019,0.081,-0.979,1.052,NA,NA,NA,NA,NA,NA,NA,NA
89,Sierra Leone,2019,0.571,1.879,-1.1,NA,NA,NA,NA,NA,NA,NA,NA
90,Spain,2019,0.877,2.055,-1.655,NA,NA,NA,NA,NA,NA,NA,NA
91,Syria,2019,0.138,-2.763,1.857,NA,NA,NA,NA,NA,NA,NA,NA
92,Tunisia,2019,0.735,1.774,-0.69,NA,NA,NA,NA,NA,NA,NA,NA
93,Turkey,2019,0.279,-1.001,1.576,NA,NA,NA,NA,NA,NA,NA,NA
94,Ukraine,2019,0.494,1.06,-0.578,NA,NA,NA,NA,NA,NA,NA,NA
95,United Kingdom,2019,0.873,2.441,-1.197,NA,NA,NA,NA,NA,NA,NA,NA
96,Uruguay,2019,0.889,2.338,-2.099,NA,NA,NA,NA,NA,NA,NA,NA
97,Algeria,2019,0.292,-0.903,0.915,NA,NA,NA,NA,NA,NA,NA,NA
98,Angola,2019,0.362,0.285,0.375,NA,NA,NA,NA,NA,NA,NA,NA
99,Armenia,2019,0.799,1.538,-1.392,NA,NA,NA,NA,NA,NA,NA,NA
100,Azerbaijan,2019,0.196,-1.592,0.302,NA,NA,NA,NA,NA,NA,NA,NA
101,Belarus,2019,0.255,-1.891,0.963,NA,NA,NA,NA,NA,NA,NA,NA
102,Cameroon,2019,0.292,0.001,0.58,NA,NA,NA,NA,NA,NA,NA,NA
103,Chad,2019,0.269,-1.783,-0.987,NA,NA,NA,NA,NA,NA,NA,NA
104,China,2019,0.075,-2.078,2.937,NA,NA,NA,NA,NA,NA,NA,NA
105,Democratic Republic of the Congo,2019,0.349,-0.52,-1.563,NA,NA,NA,NA,NA,NA,NA,NA
106,Republic of the Congo,2019,0.24,-1.849,-1.62,NA,NA,NA,NA,NA,NA,NA,NA
107,Djibouti,2019,0.257,-0.816,-0.592,NA,NA,NA,NA,NA,NA,NA,NA
108,Dominican Republic,2019,0.521,0.396,-1.273,NA,NA,NA,NA,NA,NA,NA,NA
109,Eritrea,2019,0.07,-2.639,2.285,NA,NA,NA,NA,NA,NA,NA,NA
110,Gabon,2019,0.385,0.173,-0.221,NA,NA,NA,NA,NA,NA,NA,NA
111,The Gambia,2019,0.532,1.163,-0.966,NA,NA,NA,NA,NA,NA,NA,NA
112,Georgia,2019,0.644,1.33,-1.393,NA,NA,NA,NA,NA,NA,NA,NA
113,Guinea-Bissau,2019,0.533,0.171,-1.137,NA,NA,NA,NA,NA,NA,NA,NA
114,Jamaica,2019,0.806,2.178,0.517,NA,NA,NA,NA,NA,NA,NA,NA
115,Kazakhstan,2019,0.235,-1.459,-0.738,NA,NA,NA,NA,NA,NA,NA,NA
116,Kyrgyzstan,2019,0.43,0.574,-2.144,NA,NA,NA,NA,NA,NA,NA,NA
117,Laos,2019,0.123,-2.644,1.283,NA,NA,NA,NA,NA,NA,NA,NA
118,Libya,2019,0.271,1.119,-0.963,NA,NA,NA,NA,NA,NA,NA,NA
119,Madagascar,2019,0.487,1.046,-1.327,NA,NA,NA,NA,NA,NA,NA,NA
120,Moldova,2019,0.602,1.651,-1.311,NA,NA,NA,NA,NA,NA,NA,NA
121,Namibia,2019,0.688,0.947,0.212,NA,NA,NA,NA,NA,NA,NA,NA
122,Palestine/West Bank,2019,0.275,-0.513,-1.174,NA,NA,NA,NA,NA,NA,NA,NA
123,Rwanda,2019,0.217,0.4,1.846,NA,NA,NA,NA,NA,NA,NA,NA
124,Somalia,2019,0.156,-0.287,-0.818,NA,NA,NA,NA,NA,NA,NA,NA
125,Sri Lanka,2019,0.59,0.684,1.316,NA,NA,NA,NA,NA,NA,NA,NA
126,Eswatini,2019,0.135,-1.288,3.107,NA,NA,NA,NA,NA,NA,NA,NA
127,Tajikistan,2019,0.166,-1.952,1.582,NA,NA,NA,NA,NA,NA,NA,NA
128,Togo,2019,0.379,-0.211,-1.712,NA,NA,NA,NA,NA,NA,NA,NA
129,Trinidad and Tobago,2019,0.755,1.76,-1.499,NA,NA,NA,NA,NA,NA,NA,NA
130,Turkmenistan,2019,0.15,-2.613,2.07,NA,NA,NA,NA,NA,NA,NA,NA
131,Palestine/Gaza,2019,0.125,-0.888,0.318,NA,NA,NA,NA,NA,NA,NA,NA
132,Somaliland,2019,0.402,0.542,0.374,NA,NA,NA,NA,NA,NA,NA,NA
133,Uzbekistan,2019,0.195,-1.068,0.374,NA,NA,NA,NA,NA,NA,NA,NA
134,Austria,2019,0.849,1.827,-0.77,NA,NA,NA,NA,NA,NA,NA,NA
135,Bahrain,2019,0.118,-2.305,1.373,NA,NA,NA,NA,NA,NA,NA,NA
136,Barbados,2019,0.785,1.75,0.311,NA,NA,NA,NA,NA,NA,NA,NA
137,Belgium,2019,0.889,3.511,-1.868,NA,NA,NA,NA,NA,NA,NA,NA
138,Bosnia and Herzegovina,2019,0.527,0.678,2.017,NA,NA,NA,NA,NA,NA,NA,NA
139,Bulgaria,2019,0.614,0.839,-1.464,NA,NA,NA,NA,NA,NA,NA,NA
140,Comoros,2019,0.394,0.343,0.578,NA,NA,NA,NA,NA,NA,NA,NA
141,Croatia,2019,0.732,0.773,0.633,NA,NA,NA,NA,NA,NA,NA,NA
142,Cuba,2019,0.184,-1.848,3.38,NA,NA,NA,NA,NA,NA,NA,NA
143,Cyprus,2019,0.86,1.917,0.055,NA,NA,NA,NA,NA,NA,NA,NA
144,Czech Republic,2019,0.803,1.222,-2.345,NA,NA,NA,NA,NA,NA,NA,NA
145,Denmark,2019,0.91,3.306,-2.094,NA,NA,NA,NA,NA,NA,NA,NA
146,Equatorial Guinea,2019,0.182,-1.128,0.718,NA,NA,NA,NA,NA,NA,NA,NA
147,Estonia,2019,0.894,3.3,-0.953,NA,NA,NA,NA,NA,NA,NA,NA
148,Fiji,2019,0.404,-0.037,0.627,NA,NA,NA,NA,NA,NA,NA,NA
149,Finland,2019,0.876,2.877,-1.802,NA,NA,NA,NA,NA,NA,NA,NA
150,Greece,2019,0.862,1.65,-1.138,NA,NA,NA,NA,NA,NA,NA,NA
151,Guyana,2019,0.644,0.82,-1.115,NA,NA,NA,NA,NA,NA,NA,NA
152,Hong Kong,2019,0.31,0.254,1.225,NA,NA,NA,NA,NA,NA,NA,NA
153,Iceland,2019,0.856,2.897,-1.147,NA,NA,NA,NA,NA,NA,NA,NA
154,Israel,2019,0.697,0.549,0.72,NA,NA,NA,NA,NA,NA,NA,NA
155,Kuwait,2019,0.316,0.17,0.349,NA,NA,NA,NA,NA,NA,NA,NA
156,Lithuania,2019,0.827,1.668,-1.686,NA,NA,NA,NA,NA,NA,NA,NA
157,Luxembourg,2019,0.869,2.992,-2.799,NA,NA,NA,NA,NA,NA,NA,NA
158,North Macedonia,2019,0.618,1.08,-0.98,NA,NA,NA,NA,NA,NA,NA,NA
159,Malaysia,2019,0.446,1.084,1.407,NA,NA,NA,NA,NA,NA,NA,NA
160,Malta,2019,0.768,1.481,-0.291,NA,NA,NA,NA,NA,NA,NA,NA
161,Mauritius,2019,0.822,1.714,1.22,NA,NA,NA,NA,NA,NA,NA,NA
162,Montenegro,2019,0.448,0.333,2.145,NA,NA,NA,NA,NA,NA,NA,NA
163,New Zealand,2019,0.896,2.76,-0.267,NA,NA,NA,NA,NA,NA,NA,NA
164,Norway,2019,0.895,3.175,-1.193,NA,NA,NA,NA,NA,NA,NA,NA
165,Oman,2019,0.179,-0.933,0.83,NA,NA,NA,NA,NA,NA,NA,NA
166,Paraguay,2019,0.59,1.575,-1.054,NA,NA,NA,NA,NA,NA,NA,NA
167,Romania,2019,0.685,0.832,-2.554,NA,NA,NA,NA,NA,NA,NA,NA
168,Sao Tome and Principe,2019,0.702,1.375,-0.998,NA,NA,NA,NA,NA,NA,NA,NA
169,Saudi Arabia,2019,0.015,-1.606,1.295,NA,NA,NA,NA,NA,NA,NA,NA
170,Serbia,2019,0.355,-1.112,0.77,NA,NA,NA,NA,NA,NA,NA,NA
171,Seychelles,2019,0.556,0.51,-0.867,NA,NA,NA,NA,NA,NA,NA,NA
172,Singapore,2019,0.389,-0.62,0.502,NA,NA,NA,NA,NA,NA,NA,NA
173,Slovakia,2019,0.832,2.466,-1.543,NA,NA,NA,NA,NA,NA,NA,NA
174,Slovenia,2019,0.805,1.87,-1.975,NA,NA,NA,NA,NA,NA,NA,NA
175,Solomon Islands,2019,0.628,1.491,-2.009,NA,NA,NA,NA,NA,NA,NA,NA
176,Vanuatu,2019,0.756,1.633,-0.407,NA,NA,NA,NA,NA,NA,NA,NA
177,United Arab Emirates,2019,0.096,-1.506,1.537,NA,NA,NA,NA,NA,NA,NA,NA
178,Hungary,2019,0.465,0.232,1.055,NA,NA,NA,NA,NA,NA,NA,NA
179,Zanzibar,2019,0.255,-0.629,1.454,NA,NA,NA,NA,NA,NA,NA,NA
180,Mexico,2020,0.645,-0.126,-0.385,0.429,0.286,0.143,0.071,0.214,0.286,0.143,14
181,Suriname,2020,0.737,0.78,-1.01,1,1,0.25,0.5,0.5,0,0,4
182,Sweden,2020,0.905,3.383,-1.692,0.7,0.75,0,0.1,0.45,0.05,0,20
183,Switzerland,2020,0.892,3.059,-2.752,0.7,0.9,0,0,0.4,0,0,10
184,Ghana,2020,0.698,2.106,-1.017,0.875,0.75,0,0.375,0.125,0.125,0,8
185,South Africa,2020,0.701,0.927,0.026,0.875,0.875,0.125,0.5,0.375,0.125,0,8
186,Japan,2020,0.822,1.252,-0.442,0.667,0.667,0,0,0,0.333,0,6
187,Burma/Myanmar,2020,0.435,1.125,0.105,1,0.75,0.25,0.75,0.375,0.125,0,8
188,Russia,2020,0.261,-1.648,0.907,0.929,0.929,0.5,0.429,0.286,0,0,14
189,Albania,2020,0.501,-0.393,-0.492,0.778,0.889,0.333,0.333,0.444,0,0.111,9
190,Egypt,2020,0.181,-1.422,0.29,0.889,0.889,0.444,0.444,0.444,0,0.111,9
191,Yemen,2020,0.111,-2.174,1.841,0.5,0.333,0.083,0.167,0.167,0.5,0,12
192,Colombia,2020,0.609,0.969,1.411,0.895,0.789,0,0.158,0.632,0,0.053,19
193,Poland,2020,0.632,0.344,0.476,0.944,0.944,0.056,0.278,0.444,0,0,18
194,Brazil,2020,0.69,0.241,1.203,0.571,0.357,0.143,0.071,0.286,0.357,0,14
195,United States of America,2020,0.815,1.741,1.48,0.7,0.7,0.2,0.5,0.3,0.2,0,10
196,Portugal,2020,0.876,2.625,-2.471,1,0.882,0,0.059,0.294,0,0,17
197,El Salvador,2020,0.586,-0.643,-0.82,0.75,0.75,0.125,0.375,0.5,0.125,0.125,8
198,Bangladesh,2020,0.273,0.305,1.462,0.857,0.714,0.143,0.571,0.143,0.143,0,7
199,Bolivia,2020,0.324,0.621,0.286,0.769,0.692,0.077,0.308,0.231,0.077,0.154,13
200,Haiti,2020,0.393,0.408,-1.42,0.429,0.286,0,0.286,0,0.429,0.143,7
201,Honduras,2020,0.37,0.569,-0.684,1,1,0.429,0.429,0.571,0,0,7
202,Mali,2020,0.465,0.914,-0.715,0.667,0.667,0.333,0,0,0,0,3
203,Pakistan,2020,0.368,0.592,0.312,0.5,0.643,0,0.214,0.143,0.214,0,14
204,Peru,2020,0.803,2.199,-1.536,0.923,0.769,0,0.154,0.308,0.077,0,13
205,Senegal,2020,0.747,2.19,0.196,1,1,0,0,0.667,0,0,6
206,South Sudan,2020,0.191,-2.635,-0.995,1,1,0.5,1,0.5,0,0,2
207,Sudan,2020,0.188,-0.181,-0.385,1,1,0,0,0,0,0,2
208,Vietnam,2020,0.218,-1.327,1.344,0.889,0.889,0.444,0.556,0.444,0.222,0,9
209,Afghanistan,2020,0.366,1.149,-1.296,0.5,0.5,0,0.167,0,0.5,0,6
210,Argentina,2020,0.831,2.524,-0.374,0.857,0.786,0,0.143,0.214,0.071,0.071,14
211,Ethiopia,2020,0.335,1.592,0.561,1,1,1,0.667,0.667,0.333,0,3
212,India,2020,0.45,-0.254,1.211,0.667,0.667,0.4,0.4,0.333,0.2,0,15
213,Kenya,2020,0.461,1.053,-0.69,0.778,0.778,0,0.556,0.222,0,0.222,9
214,North Korea,2020,0.09,-2.672,2.833,0.75,0.25,0,0,0,0.125,0.125,8
215,South Korea,2020,0.859,2.738,-1.603,0.571,0.857,0,0.286,0.071,0.071,0.071,14
216,Kosovo,2020,0.611,2.731,-0.67,0.857,0.429,0,0.143,0,0.143,0,7
217,Lebanon,2020,0.458,0.473,-0.27,0.8,0.8,0,0.4,0.2,0.2,0,5
218,Nigeria,2020,0.537,1.598,0.228,0.917,0.917,0.333,0.583,0.417,0.167,0,12
219,Philippines,2020,0.433,0.098,-0.841,1,0.857,0.286,0.714,0.286,0,0,7
220,Tanzania,2020,0.409,-0.077,0.298,0.5,0.5,0.5,0.5,0,0.5,0,2
221,Taiwan,2020,0.817,1.135,-1.341,0.769,0.692,0.154,0.154,0.308,0.154,0,13
222,Thailand,2020,0.194,-0.648,0.625,0.9,0.9,0.4,0.8,0.5,0,0.1,10
223,Uganda,2020,0.31,0.267,0.257,1,1,0.571,1,0.429,0,0,7
224,Venezuela,2020,0.209,-1.92,2.839,0.952,0.857,0.571,0.476,0.238,0.048,0.048,21
225,Benin,2020,0.439,0.647,-0.827,1,1,0.1,0.3,0.1,0.1,0,10
226,Bhutan,2020,0.537,1.206,0.348,0.875,0.625,0,0.375,0,0,0.125,8
227,Burkina Faso,2020,0.705,1.726,-0.728,0.833,0.833,0.167,0,0,0.167,0,6
228,Cambodia,2020,0.196,-1.438,0.057,0.6,1,1,0.6,0.4,0,0,5
229,Indonesia,2020,0.608,0.76,-0.09,1,0.75,0.188,0.375,0.188,0,0,16
230,Mozambique,2020,0.372,-0.114,-0.252,0.75,0.875,0.125,0.125,0.125,0.125,0,8
231,Nepal,2020,0.573,1.298,0.131,0.778,0.444,0.222,0.333,0.333,0.222,0,9
232,Nicaragua,2020,0.251,-1.317,1.263,0.4,0.2,0.4,0.2,0.2,0.4,0,5
233,Niger,2020,0.521,1.159,-0.977,0.714,1,0.143,0.571,0.143,0,0,7
234,Zambia,2020,0.339,-0.979,-0.397,0.714,0.857,0.286,0.714,0,0,0,7
235,Zimbabwe,2020,0.288,-0.359,0.585,1,1,0.6,1,0.8,0,0,10
236,Guinea,2020,0.332,0.525,-0.411,0.8,0.6,0.2,0,0,0,0,5
237,Ivory Coast,2020,0.511,0.104,-0.954,0.778,0.889,0,0.111,0.111,0,0,9
238,Mauritania,2020,0.401,0.971,-0.903,1,1,0,0,0,0,0,5
239,Canada,2020,0.869,3.107,-1.119,0.75,0.75,0,0,0.25,0.25,0,4
240,Australia,2020,0.836,2.552,-1.556,1,1,0,0.2,0.2,0,0,5
241,Botswana,2020,0.603,1.786,-1.218,1,0.857,0.143,0.571,0.143,0,0,7
242,Burundi,2020,0.169,-2.209,-1.298,0.333,0.444,0,0.222,0,0.444,0.111,9
243,Cape Verde,2020,0.776,0.925,-1.965,0.714,0.429,0,0.286,0.143,0,0,7
244,Central African Republic,2020,0.379,0.134,0.471,1,1,0.2,0.6,0,0,0,5
245,Chile,2020,0.814,1.056,-0.815,0.944,0.944,0.111,0.444,0.222,0,0,18
246,Costa Rica,2020,0.899,1.973,-1.05,1,0.625,0,0.125,0.25,0,0,8
247,Timor-Leste,2020,0.66,0.269,0.13,1,0.571,0,0.143,0,0,0,7
248,Ecuador,2020,0.638,2.317,-1.881,0.846,0.923,0,0.385,0.154,0,0.077,13
249,France,2020,0.877,2.557,-1.319,0.889,0.778,0,0.111,0.333,0,0.111,9
250,Germany,2020,0.879,2.78,-2.168,0.833,0.75,0,0.417,0.083,0.083,0,12
251,Guatemala,2020,0.58,1.538,0.249,0.909,0.818,0.182,0.727,0.182,0,0.091,11
252,Iran,2020,0.191,-1.304,2.572,0.4,0,0,0,0.2,0.4,0,5
253,Iraq,2020,0.365,0.214,0.93,0.667,1,0.111,0.333,0.222,0.111,0,9
254,Ireland,2020,0.881,2.878,-1.749,1,0.7,0,0.3,0.2,0,0,10
255,Italy,2020,0.861,2.783,-1.338,1,0.9,0,0.1,0.5,0,0,10
256,Jordan,2020,0.268,-0.808,-0.332,1,1,0.571,0.857,0.571,0,0,7
257,Latvia,2020,0.821,2.677,-0.597,0.917,0.75,0,0.417,0.167,0,0,12
258,Lesotho,2020,0.631,0.657,-0.938,1,1,0,0.667,0.333,0,0,3
259,Liberia,2020,0.628,0.578,NA,1,1,0.333,0.667,0,0,0,3
260,Malawi,2020,0.528,0.528,-1.381,0.9,0.8,0.1,0.5,0.5,0.1,0,10
261,Maldives,2020,0.583,1.074,0.965,0.8,1,0,0.6,0,0,0,5
262,Mongolia,2020,0.634,1.723,-1.146,1,1,0.333,0.5,0.167,0.167,0,6
263,Morocco,2020,0.284,-0.205,0.078,0.667,1,0.667,0.667,0.667,0.333,0,3
264,Netherlands,2020,0.87,2.714,-2.07,0.857,0.786,0,0.143,0.286,0.071,0,14
265,Panama,2020,0.749,1.003,-0.957,0.667,0.667,0.167,0.333,0.333,0,0.167,6
266,Papua New Guinea,2020,0.422,0.918,-1.841,1,1,0.25,0.5,0.5,0,0,4
267,Qatar,2020,0.08,-0.979,1.451,1,1,0.333,0,0,0,0,3
268,Sierra Leone,2020,0.574,1.879,-1.223,1,0.8,0,0.4,0.4,0,0,5
269,Spain,2020,0.886,2.092,-1.655,0.947,0.789,0.263,0.158,0.526,0.053,0,19
270,Syria,2020,0.139,-2.763,1.675,0.625,0.625,0.375,0.375,0.375,0.125,0.25,8
271,Tunisia,2020,0.727,1.774,-1.118,0.8,0.9,0,0.1,0.5,0.1,0,10
272,Turkey,2020,0.286,-1.001,1.576,0.909,0.727,0.591,0.5,0.227,0.045,0.045,22
273,Ukraine,2020,0.544,1.11,-0.401,0.929,0.857,0.143,0.143,0.143,0.071,0,14
274,United Kingdom,2020,0.872,2.897,-0.887,1,1,0,0.556,0.889,0,0,9
275,Uruguay,2020,0.865,2.01,-1.849,0.533,0.867,0,0.2,0.133,0,0,15
276,Algeria,2020,0.277,-1.518,0.915,0.889,0.889,0.556,0.556,0.222,0,0.111,9
277,Angola,2020,0.346,0.285,0.203,0.875,0.75,0,0.375,0.5,0,0,8
278,Armenia,2020,0.786,0.936,-1.75,0.875,0.875,0.875,0.5,0.25,0,0,8
279,Azerbaijan,2020,0.201,-1.876,0.606,1,0.917,0.25,0.5,0.25,0.083,0,12
280,Belarus,2020,0.236,-2.15,1.551,0.778,0.778,0.333,0.444,0.333,0.222,0,9
281,Cameroon,2020,0.297,0.001,0.58,0.667,0.889,0,0.444,0,0.111,0,9
282,Chad,2020,0.268,-1.783,-0.987,1,1,0.333,0.667,0,0,0,3
283,China,2020,0.075,-1.968,2.319,0.957,0.826,0.826,0.739,0.217,0,0,23
284,Democratic Republic of the Congo,2020,0.359,-0.47,-1.557,0.8,0.8,0.4,0.6,0.4,0,0.2,5
285,Republic of the Congo,2020,0.248,-1.631,-1.62,1,1,0.5,0.5,0,0.5,0,2
286,Djibouti,2020,0.256,-0.816,-0.592,0.5,0.5,0.5,0,0,0,0,2
287,Dominican Republic,2020,0.594,1.819,-2.32,0.667,0.667,0,0.167,0,0.167,0,6
288,Eritrea,2020,0.07,-2.542,1.746,0.778,0.667,0.111,0.444,0.222,0,0.111,9
289,Gabon,2020,0.38,0.173,-0.221,1,1,0,0,1,0,0,1
290,The Gambia,2020,0.504,1.163,-0.559,0.714,0.714,0,0.571,0,0,0.143,7
291,Georgia,2020,0.643,1.33,-2.054,1,0.846,0,0.231,0.308,0,0,13
292,Guinea-Bissau,2020,0.536,0.171,-1.137,0.667,0.333,0.333,0,0,0.333,0.333,3
293,Jamaica,2020,0.808,2.178,0.517,1,1,0.125,0.5,0.75,0.125,0,8
294,Kazakhstan,2020,0.24,-1.338,-0.639,0.857,0.714,0.143,0.286,0.143,0,0,7
295,Kyrgyzstan,2020,0.399,0.451,-0.401,0.8,0.8,0.4,0.2,0.3,0.1,0,10
296,Laos,2020,0.121,-1.663,1.283,0.857,0.429,0.286,0.286,0,0,0,7
297,Libya,2020,0.272,1.119,-0.963,1,0.75,0,0.75,0,0,0,4
298,Madagascar,2020,0.487,1.156,-1.327,0.857,0.857,0.714,0.286,0.286,0,0,7
299,Moldova,2020,0.623,1.334,-0.004,1,0.75,0.25,0,0,0,0,4
300,Namibia,2020,0.648,0.947,0.209,1,1,0.2,0,0.2,0,0,5
301,Palestine/West Bank,2020,0.256,-0.513,-1.174,1,1,0,0,0,0,0,1
302,Rwanda,2020,0.212,0.264,1.846,0.857,0.714,0.429,0.714,0.286,0.143,0,7
303,Somalia,2020,0.159,0.279,-0.818,0.6,0.4,0,0.2,0.2,0.2,0,5
304,Sri Lanka,2020,0.606,0.101,2.487,0.875,0.875,0.25,0.75,0.375,0,0,8
305,Eswatini,2020,0.135,-1.288,3.107,1,0.833,0.333,0.667,0.5,0,0,6
306,Tajikistan,2020,0.177,-1.952,1.4,0.5,1,0.5,0.5,0,0,0,2
307,Togo,2020,0.418,1.037,-1.41,1,0.857,0.143,0.714,0.143,0,0,7
308,Trinidad and Tobago,2020,0.755,1.76,-1.499,1,0.833,0,0.667,0.5,0,0,6
309,Turkmenistan,2020,0.152,-2.613,2.07,0.333,0.167,0.167,0.167,0,0.667,0,6
310,Palestine/Gaza,2020,0.141,-0.888,0.318,0.5,0.333,0.333,0.333,0,0.333,0.167,6
311,Somaliland,2020,0.4,0.542,0.473,0.667,0.667,0,0.333,0.333,0,0,3
312,Uzbekistan,2020,0.227,-0.888,0.374,0.667,0.5,0.5,0.167,0.167,0.167,0.167,6
313,Austria,2020,0.842,2.511,-1.336,1,0.8,0,0.6,0.4,0,0,10
314,Bahrain,2020,0.118,-2.305,1.373,0.667,0.333,0.333,0.333,0,0.333,0,3
315,Barbados,2020,0.798,1.75,0.311,1,1,0.286,0.571,0.429,0,0,7
316,Belgium,2020,0.887,3.511,-2.361,1,0.857,0,0,0.429,0,0,7
317,Bosnia and Herzegovina,2020,0.545,0.724,2.017,0.889,0.778,0.222,0.222,0.444,0.111,0,9
318,Bulgaria,2020,0.603,0.838,-1.464,0.933,0.6,0.133,0.133,0.2,0,0,15
319,Comoros,2020,0.36,0.343,0.732,1,1,0,0.5,0,0,0,4
320,Croatia,2020,0.753,0.864,0.42,0.947,0.842,0,0.105,0.368,0,0,19
321,Cuba,2020,0.184,-1.848,3.38,1,0.833,0.167,0.333,0.167,0.167,0,6
322,Cyprus,2020,0.825,0.895,NA,1,1,0,0.2,0.2,0,0,5
323,Czech Republic,2020,0.805,1.222,-2.345,1,1,0,0.444,0.556,0,0,18
324,Denmark,2020,0.91,3.306,-1.946,0.833,0.833,0,0.167,0.417,0,0,12
325,Equatorial Guinea,2020,0.179,-1.136,0.718,0.833,0.833,0.5,0.5,0.167,0.167,0,6
326,Estonia,2020,0.89,3.3,-0.953,0.7,0.6,0,0.2,0.2,0.2,0.1,10
327,Fiji,2020,0.418,0.094,0.627,1,1,0.2,0.6,0.4,0,0,5
328,Finland,2020,0.878,2.877,-1.802,1,0.857,0,0.143,0.286,0,0,14
329,Greece,2020,0.843,0.935,NA,1,0.667,0.167,0.167,0.167,0,0,6
330,Guyana,2020,0.556,0.82,-0.825,0.5,0.25,0,0.125,0,0.25,0.125,8
331,Hong Kong,2020,0.306,-0.154,1.225,0.917,0.917,0,0.583,0.583,0,0,12
332,Iceland,2020,0.854,2.897,-1.147,0.636,0.636,0.091,0.273,0.455,0.273,0,11
333,Israel,2020,0.737,0.549,0.72,1,1,0,0,0,0,0,3
334,Kuwait,2020,0.317,0.17,0.103,1,0.571,0.143,0.429,0.286,0,0,7
335,Lithuania,2020,0.821,2.297,-1.852,1,0.769,0,0.077,0.231,0,0,13
336,Luxembourg,2020,0.869,2.992,-2.799,1,1,0,0.5,1,0,0,2
337,North Macedonia,2020,0.633,1.08,-0.448,0.889,0.778,0,0.333,0.444,0.111,0,9
338,Malaysia,2020,0.4,0.113,2.319,1,1,0.167,0.333,0.833,0,0,6
339,Malta,2020,0.772,1.481,-0.291,0.333,0.5,0,0,0.167,0.333,0,6
340,Mauritius,2020,0.625,0.722,0.589,0.833,0.833,0.167,0.667,0.667,0.167,0,6
341,Montenegro,2020,0.454,0.333,0.757,1,0.875,0.5,0.375,0.25,0,0,8
342,New Zealand,2020,0.894,2.76,-0.267,1,0.923,0.077,0.615,0.231,0,0,13
343,Norway,2020,0.899,2.538,-1.193,1,1,0,0,0.571,0,0,7
344,Oman,2020,0.176,-0.933,0.83,0.5,0,0.5,0,0,0.5,0,2
345,Paraguay,2020,0.581,1.575,-0.965,0.917,0.917,0,0,0.083,0,0,12
346,Romania,2020,0.76,2.067,-2.554,0.909,0.909,0.455,0.182,0.273,0,0,11
347,Sao Tome and Principe,2020,0.695,1.375,-0.998,1,0.8,0.2,0.6,0.4,0.2,0.2,5
348,Saudi Arabia,2020,0.016,-1.606,1.295,0.571,0.571,0.286,0.286,0.143,0.286,0.143,7
349,Serbia,2020,0.342,-1.112,1.182,0.917,0.667,0.5,0.167,0.583,0,0.083,12
350,Seychelles,2020,0.574,0.51,-0.867,1,1,0,0,0,0,0,1
351,Singapore,2020,0.389,-1.068,0.502,0.857,0.714,0.143,0.286,0.429,0,0.143,7
352,Slovakia,2020,0.836,2.615,-2.03,0.846,0.692,0,0.154,0.692,0,0.077,13
353,Slovenia,2020,0.748,-0.146,1.13,1,1,0.222,0.556,0.556,0,0,9
354,Solomon Islands,2020,0.648,1.09,-2.009,1,0.667,0.667,0.333,1,0,0,3
355,Vanuatu,2020,0.745,-0.112,NA,1,1,1,0,1,0,0,1
356,United Arab Emirates,2020,0.1,-1.354,1.537,1,0,0.333,0.333,0,0,0,3
357,Hungary,2020,0.467,0.145,1.055,1,1,0.556,0.444,0.889,0,0,18
358,Zanzibar,2020,0.253,-0.906,0.979,0.375,0.375,0.125,0.25,0.125,0.625,0,8